"Data Source","World Development Indicators",

"Last Updated Date","2025-01-28",

"Country Name","Country Code","Indicator Name","Indicator Code","1960","1961","1962","1963","1964","1965","1966","1967","1968","1969","1970","1971","1972","1973","1974","1975","1976","1977","1978","1979","1980","1981","1982","1983","1984","1985","1986","1987","1988","1989","1990","1991","1992","1993","1994","1995","1996","1997","1998","1999","2000","2001","2002","2003","2004","2005","2006","2007","2008","2009","2010","2011","2012","2013","2014","2015","2016","2017","2018","2019","2020","2021","2022","2023",
"Aruba","ABW","Investment in energy with private participation (current US$)","IE.PPI.ENGY.CD","","","","","","","","","","","","","","","","","","","","","","","","","","","","","","","","","","","","","","","","","","","","","","","","","","","","","","","","","","","","","","","","",
"Africa Eastern and Southern","AFE","Investment in energy with private participation (current US$)","IE.PPI.ENGY.CD","","","","","","","","","","","","","","","","","","","","","","","","","","","","","","","","","","","","","","","","","","","","","","","","","","","","","","","","","","","","","","","","",
"Afghanistan","AFG","Investment in energy with private participation (current US$)","IE.PPI.ENGY.CD","","","","","","","","","","","","","","","","","","","","","","","","","","","","","","","","","","","","","","","","","","","","1580000","","","","","","","","","","","","","","19000000","","190490000","","","","",
"Africa Western and Central","AFW","Investment in energy with private participation (current US$)","IE.PPI.ENGY.CD","","","","","","","","","","","","","","","","","","","","","","","","","","","","","","","","","","","","","","","","","","","","","","","","","","","","","","","","","","","","","","","","744250000",
"Angola","AGO","Investment in energy with private participation (current US$)","IE.PPI.ENGY.CD","","","","","","","","","","","","","","","","","","","","","","","","","","","","","","","","","","","","","","","","","","","","45000000","","","9400000","","","120000000","","","","","","","","112000000","","","","","","",
"Albania","ALB","Investment in energy with private participation (current US$)","IE.PPI.ENGY.CD","","","","","","","","","","","","","","","","","","","","","","","","","","","","","","","","","","","","","","","","","","","8000000","","","","","","","664000000","28000000","19560000","1504400000","19400000","177300000","","","","","","","","","187330000",
"Andorra","AND","Investment in energy with private participation (current US$)","IE.PPI.ENGY.CD","","","","","","","","","","","","","","","","","","","","","","","","","","","","","","","","","","","","","","","","","","","","","","","","","","","","","","","","","","","","","","","","",
"Arab World","ARB","Investment in energy with private participation (current US$)","IE.PPI.ENGY.CD","","","","","","","","","","","","","","","","","","","","","","","","","","","","","","","","","","","","","","","","","","","","","","","","","","","","","","","","","","","","","","","","",
"United Arab Emirates","ARE","Investment in energy with private participation (current US$)","IE.PPI.ENGY.CD","","","","","","","","","","","","","","","","","","","","","","","","","","","","","","","","","","","","","","","","","","","","","","","","","","","","","","","","","","","","","","","3802000000","",
"Argentina","ARG","Investment in energy with private participation (current US$)","IE.PPI.ENGY.CD","","","","","","","","","","","","","","","","","","","","","","","","","","","","","","","","","5023150000","2494840000","2075680000","2135200000","2029790000","3080500000","2092300000","1654800000","1972900000","945500000","111830000","104040000","274000000","248600000","1928000000","489000000","717750000","344250000","322910000","564600000","593000000","1039000000","","120000000","","1826100000","1151820000","2060400000","160000000","","516000000","720000000",
"Armenia","ARM","Investment in energy with private participation (current US$)","IE.PPI.ENGY.CD","","","","","","","","","","","","","","","","","","","","","","","","","","","","","","","","","","","","","","","","","","","49000000","25000000","","","220000000","37000000","70000000","78100000","107000000","","","","","250000000","","","","321400000","","53010000","37000000","26000000",
"American Samoa","ASM","Investment in energy with private participation (current US$)","IE.PPI.ENGY.CD","","","","","","","","","","","","","","","","","","","","","","","","","","","","","","","","","","","","","","","","","","","","","","","","","","","","","","","","","","","","","","","","",
"Antigua and Barbuda","ATG","Investment in energy with private participation (current US$)","IE.PPI.ENGY.CD","","","","","","","","","","","","","","","","","","","","","","","","","","","","","","","","","","","","","","","","","","","","","","","","","","","","","","","","","","","","","","","","",
"Australia","AUS","Investment in energy with private participation (current US$)","IE.PPI.ENGY.CD","","","","","","","","","","","","","","","","","","","","","","","","","","","","","","","","","","","","","","","","","","","","","","","","","","","","","","","","","","","","","","","","",
"Austria","AUT","Investment in energy with private participation (current US$)","IE.PPI.ENGY.CD","","","","","","","","","","","","","","","","","","","","","","","","","","","","","","","","","","","","","","","","","","","","","","","","","","","","","","","","","","","","","","","","",
"Azerbaijan","AZE","Investment in energy with private participation (current US$)","IE.PPI.ENGY.CD","","","","","","","","","","","","","","","","","","","","","","","","","","","","","","","","","","","","","","","","","","230000000","145200000","","","","","","","","","","","","","","","","","","","200000000","250000000","348000000",
"Burundi","BDI","Investment in energy with private participation (current US$)","IE.PPI.ENGY.CD","","","","","","","","","","","","","","","","","","","","","","","","","","","","","","","","","","","","","","","","","","","","","","","","","","","","","","","","","","","","","15700000","","","1000000",
"Belgium","BEL","Investment in energy with private participation (current US$)","IE.PPI.ENGY.CD","","","","","","","","","","","","","","","","","","","","","","","","","","","","","","","","","","","","","","","","","","","","","","","","","","","","","","","","","","","","","","","","",
"Benin","BEN","Investment in energy with private participation (current US$)","IE.PPI.ENGY.CD","","","","","","","","","","","","","","","","","","","","","","","","","","","","","","","","","","","","","","","","","","","","","","590000000","","","","","","","","","","","","","","","","","15820000","9600000",
"Burkina Faso","BFA","Investment in energy with private participation (current US$)","IE.PPI.ENGY.CD","","","","","","","","","","","","","","","","","","","","","","","","","","","","","","","","","","","","","","","5600000","","","","","","","","","","","","","","","","","","","","","","","186010000","46400000","",
"Bangladesh","BGD","Investment in energy with private participation (current US$)","IE.PPI.ENGY.CD","","","","","","","","","","","","","","","","","","","","","","","","","","","","","","","","","","","","","","313700000","225000000","16150000","18500000","483000000","","","","","40500000","25400000","177400000","88530000","137130000","324507000","1527800000","40300000","516500000","300000000","170000000","438000000","269000000","35710000","2087000000","","613000000","247550000",
"Bulgaria","BGR","Investment in energy with private participation (current US$)","IE.PPI.ENGY.CD","","","","","","","","","","","","","","","","","","","","","","","","","","","","","","","","","","","","","","","","","","","","793600000","300800000","2342100000","826100000","410500000","607860000","503800000","216240000","679250000","550680000","165000000","","","","","","11590000","","","106390000","293140000",
"Bahrain","BHR","Investment in energy with private participation (current US$)","IE.PPI.ENGY.CD","","","","","","","","","","","","","","","","","","","","","","","","","","","","","","","","","","","","","","","","","","","","","","","","","","","","","","","","","","","","","","","","",
"Bahamas, The","BHS","Investment in energy with private participation (current US$)","IE.PPI.ENGY.CD","","","","","","","","","","","","","","","","","","","","","","","","","","","","","","","","","","","","","","","","","","","","","","","","","","","","","","","","","","","","","","","","",
"Bosnia and Herzegovina","BIH","Investment in energy with private participation (current US$)","IE.PPI.ENGY.CD","","","","","","","","","","","","","","","","","","","","","","","","","","","","","","","","","","","","","","","","","","","","","","","","","","","","","661900000","","","","","","","59950000","78780000","","","495230000",
"Belarus","BLR","Investment in energy with private participation (current US$)","IE.PPI.ENGY.CD","","","","","","","","","","","","","","","","","","","","","","","","","","","","","","","","","","","","","500000000","","","","","","","","","","","625000000","625000000","625000000","625000000","2500000000","","","","","","","","11300000","","","","",
"Belize","BLZ","Investment in energy with private participation (current US$)","IE.PPI.ENGY.CD","","","","","","","","","","","","","","","","","","","","","","","","","","","","","","","","","31900000","","37000000","60000000","","","","25000000","","","","30000000","","","16000000","85500000","75000000","21500000","22200000","","","","","","","","","","","","","",
"Bermuda","BMU","Investment in energy with private participation (current US$)","IE.PPI.ENGY.CD","","","","","","","","","","","","","","","","","","","","","","","","","","","","","","","","","","","","","","","","","","","","","","","","","","","","","","","","","","","","","","","","",
"Bolivia","BOL","Investment in energy with private participation (current US$)","IE.PPI.ENGY.CD","","","","","","","","","","","","","","","","","","","","","","","","","","","","","","","","","","","","252400000","","169100000","2281600000","126700000","164300000","64400000","474000000","29100000","25900000","126700000","53500000","63800000","20000000","","","","","","","","","","","","","","","",
"Brazil","BRA","Investment in energy with private participation (current US$)","IE.PPI.ENGY.CD","","","","","","","","","","","","","","","","","","","","","","","","","7300000","11500000","11500000","11500000","11500000","30100000","25900000","30100000","30100000","30100000","242100000","432430000","3102100000","14124250000","9963830000","4763640000","8357900000","3905040000","3907230000","3824250000","1914100000","4031890000","5851500000","8389200000","9357600000","23624110000","11838300000","16912300000","30347030000","10075420000","10077600000","5805180000","14598300000","6515000000","4953540000","14946570000","6242530000","3270180000","6127990000","3845070000",
"Barbados","BRB","Investment in energy with private participation (current US$)","IE.PPI.ENGY.CD","","","","","","","","","","","","","","","","","","","","","","","","","","","","","","","","","","","","","","","","","","","","","","","","","","","","","","","","","","","","","","","","",
"Brunei Darussalam","BRN","Investment in energy with private participation (current US$)","IE.PPI.ENGY.CD","","","","","","","","","","","","","","","","","","","","","","","","","","","","","","","","","","","","","","","","","","","","","","","","","","","","","","","","","","","","","","","","",
"Bhutan","BTN","Investment in energy with private participation (current US$)","IE.PPI.ENGY.CD","","","","","","","","","","","","","","","","","","","","","","","","","","","","","","","","","","","","","","","","","","","","","","","","","201500000","201000000","","","","","","","","","","","","","","",
"Botswana","BWA","Investment in energy with private participation (current US$)","IE.PPI.ENGY.CD","","","","","","","","","","","","","","","","","","","","","","","","","","","","","","","","","","","","","","","","","","","","","","","","","","","","104000000","","","","","","","","","","","5000000","60000000",
"Central African Republic","CAF","Investment in energy with private participation (current US$)","IE.PPI.ENGY.CD","","","","","","","","","","","","","","","","","","","","","","","","","","","","","","","","","","","","","","","","","","","","","","","","","","","","","","","","","","","","","","","","",
"Canada","CAN","Investment in energy with private participation (current US$)","IE.PPI.ENGY.CD","","","","","","","","","","","","","","","","","","","","","","","","","","","","","","","","","","","","","","","","","","","","","","","","","","","","","","","","","","","","","","","","",
"Central Europe and the Baltics","CEB","Investment in energy with private participation (current US$)","IE.PPI.ENGY.CD","","","","","","","","","","","","","","","","","","","","","","","","","","","","","","","","","","","","","","","","","","","","","","","","","","","","","","","","","","","","","","","","",
"Switzerland","CHE","Investment in energy with private participation (current US$)","IE.PPI.ENGY.CD","","","","","","","","","","","","","","","","","","","","","","","","","","","","","","","","","","","","","","","","","","","","","","","","","","","","","","","","","","","","","","","","",
"Channel Islands","CHI","Investment in energy with private participation (current US$)","IE.PPI.ENGY.CD","","","","","","","","","","","","","","","","","","","","","","","","","","","","","","","","","","","","","","","","","","","","","","","","","","","","","","","","","","","","","","","","",
"Chile","CHL","Investment in energy with private participation (current US$)","IE.PPI.ENGY.CD","","","","","","","","","","","","","","","","","","","","","","","","","","","","","","","","","","","","","","","","","","","","","","","","","","","","","","","","","","","","","","","","",
"China","CHN","Investment in energy with private participation (current US$)","IE.PPI.ENGY.CD","","","","","","","","","","","","","","","","","","","","","","","","","62000000","","4000000000","","","542600000","","","1881000000","2197000000","1048100000","987370000","2859100000","5946335000","3026000000","4347800000","846800000","997130000","1351330000","4678850000","1390490000","1678120000","1197580000","2214040000","678770000","2992000000","421470000","2671140000","3182820000","3691600000","1647500000","3186650000","3386891000","2950270000","265510000","9710000","838180000","264410000","563400000","38416240000",
"Cote d'Ivoire","CIV","Investment in energy with private participation (current US$)","IE.PPI.ENGY.CD","","","","","","","","","","","","","","","","","","","","","","","","","","","","","","","39600000","","","","70000000","143200000","","","","223000000","","","","","","","","","108000000","","5500000","5500000","50000000","350000000","269000000","","","","","","810240000","416180000","","60000000",
"Cameroon","CMR","Investment in energy with private participation (current US$)","IE.PPI.ENGY.CD","","","","","","","","","","","","","","","","","","","","","","","","","","","","","","","","","","","","","","","","","","70300000","21500000","","","","440000000","","","126000000","342000000","","","","","","","","1369420000","","","","","100000000",
"Congo, Dem. Rep.","COD","Investment in energy with private participation (current US$)","IE.PPI.ENGY.CD","","","","","","","","","","","","","","","","","","","","","","","","","","","","","","","","","","","","","","","","","","","","","","","","","","","","","","","","","","","","","600000000","135000000","","50000000",
"Congo, Rep.","COG","Investment in energy with private participation (current US$)","IE.PPI.ENGY.CD","","","","","","","","","","","","","","","","","","","","","","","","","","","","","","","","","","","","","325000000","","","","","","","","","","","","","","","","","","","","","","","","","","","",
"Colombia","COL","Investment in energy with private participation (current US$)","IE.PPI.ENGY.CD","","","","","","","","","","","","","","","","","","","","","","","","","","","","","","","","","","282000000","258000000","1273200000","1495200000","3382926000","597100000","263600000","81900000","53000000","51300000","50700000","53000000","61700000","147600000","499100000","196300000","142100000","235016000","684000000","45000000","1400000000","774600000","59000000","2265000000","","78000000","165200000","205230000","24000000","585560000","720900000",
"Comoros","COM","Investment in energy with private participation (current US$)","IE.PPI.ENGY.CD","","","","","","","","","","","","","","","","","","","","","","","","","","","","","","","","","","","","","","","","","","","","","","","","","","","","","","","","","","","","","","","","",
"Cabo Verde","CPV","Investment in energy with private participation (current US$)","IE.PPI.ENGY.CD","","","","","","","","","","","","","","","","","","","","","","","","","","","","","","","","","","","","","","","","","","","","","","","","","","","80000000","","","","","","","","","","","","","30000000",
"Costa Rica","CRI","Investment in energy with private participation (current US$)","IE.PPI.ENGY.CD","","","","","","","","","","","","","","","","","","","","","","","","","","","","","","","","","5800000","","15000000","58100000","85700000","92900000","58500000","3400000","","","","80000000","80000000","","","","","110000000","","","273000000","415600000","165000000","143000000","46000000","","","","","","","",
"Caribbean small states","CSS","Investment in energy with private participation (current US$)","IE.PPI.ENGY.CD","","","","","","","","","","","","","","","","","","","","","","","","","","","","","","","","","","","","","","","","","","","","","","","","","","","","","","","","","","","","","","","","",
"Cuba","CUB","Investment in energy with private participation (current US$)","IE.PPI.ENGY.CD","","","","","","","","","","","","","","","","","","","","","","","","","","","","","","","","","","","","","","","150000000","15000000","","","","","116000000","","60000000","","","","","","","","","","","","","","","","","",
"Curacao","CUW","Investment in energy with private participation (current US$)","IE.PPI.ENGY.CD","","","","","","","","","","","","","","","","","","","","","","","","","","","","","","","","","","","","","","","","","","","","","","","","","","","","","","","","","","","","","","","","",
"Cayman Islands","CYM","Investment in energy with private participation (current US$)","IE.PPI.ENGY.CD","","","","","","","","","","","","","","","","","","","","","","","","","","","","","","","","","","","","","","","","","","","","","","","","","","","","","","","","","","","","","","","","",
"Cyprus","CYP","Investment in energy with private participation (current US$)","IE.PPI.ENGY.CD","","","","","","","","","","","","","","","","","","","","","","","","","","","","","","","","","","","","","","","","","","","","","","","","","","","","","","","","","","","","","","","","",
"Czechia","CZE","Investment in energy with private participation (current US$)","IE.PPI.ENGY.CD","","","","","","","","","","","","","","","","","","","","","","","","","","","","","","","","","","","","","","","","","","","","","","","","","","","","","","","","","","","","","","","","",
"Germany","DEU","Investment in energy with private participation (current US$)","IE.PPI.ENGY.CD","","","","","","","","","","","","","","","","","","","","","","","","","","","","","","","","","","","","","","","","","","","","","","","","","","","","","","","","","","","","","","","","",
"Djibouti","DJI","Investment in energy with private participation (current US$)","IE.PPI.ENGY.CD","","","","","","","","","","","","","","","","","","","","","","","","","","","","","","","","","","","","","","","","","","","","","","","","","","","","","","","","","","","","","123500000","","","",
"Dominica","DMA","Investment in energy with private participation (current US$)","IE.PPI.ENGY.CD","","","","","","","","","","","","","","","","","","","","","","","","","","","","","","","","","","","","","","7800000","18500000","","","","","","","","","","","","","","","","","","","","","","","","","",
"Denmark","DNK","Investment in energy with private participation (current US$)","IE.PPI.ENGY.CD","","","","","","","","","","","","","","","","","","","","","","","","","","","","","","","","","","","","","","","","","","","","","","","","","","","","","","","","","","","","","","","","",
"Dominican Republic","DOM","Investment in energy with private participation (current US$)","IE.PPI.ENGY.CD","","","","","","","","","","","","","","","","","","","","","","","","","","","","","","","","","","","87500000","285000000","","","20000000","674000000","577300000","265000000","421800000","95000000","","42500000","","","","","30000000","365700000","190000000","","277000000","204500000","","125000000","166050000","78000000","","45000000","310000000","858020000",
"Algeria","DZA","Investment in energy with private participation (current US$)","IE.PPI.ENGY.CD","","","","","","","","","","","","","","","","","","","","","","","","","","","","","","","","","","2300000000","","","","","","","","","","","562000000","400000000","2320000000","","","350000000","","","30300000","","","","","","","","","","","",
"East Asia & Pacific (excluding high income)","EAP","Investment in energy with private participation (current US$)","IE.PPI.ENGY.CD","","","","","","","","","","","","","","","","","","","","","","","","","62000000","","4000000000","","","542600000","","","3528000000","5577600000","6583200000","8765370000","10870900000","13261935000","5190000000","5095300000","3476300000","4439230000","3461330000","9760150000","3105600000","6406720000","4531780000","5742630000","8811870000","8133080000","11676631000","8235670000","16909370000","10001990000","11224420000","12860915000","14717371000","20020140000","9646910000","5582130000","3554900000","6101820000","4137910000","42324290000",
"Early-demographic dividend","EAR","Investment in energy with private participation (current US$)","IE.PPI.ENGY.CD","","","","","","","","","","","","","","","","","","","","","","","","","","","","","","","","","","","","13464050000","14053990000","10450200000","11637000000","7118350000","","","","","7547080000","5132820000","15291090000","18133580000","26642030000","36644580000","54005130000","36849337000","37793060000","32827880000","27554220000","20301170000","23915300000","37054180000","17830010000","13887700000","","6516870000","12298120000","16404240000",
"East Asia & Pacific","EAS","Investment in energy with private participation (current US$)","IE.PPI.ENGY.CD","","","","","","","","","","","","","","","","","","","","","","","","","","","","","","","","","","","","","","","","","","","","","","","","","","","","","","","","","","","","","","","","",
"Europe & Central Asia (excluding high income)","ECA","Investment in energy with private participation (current US$)","IE.PPI.ENGY.CD","","","","","","","","","","","","","","","","","","","","","","","","","","","","","","","","","","","","","","","","","","","","","","","","","","5696990000","6306140000","","","","","","","","","3316190000","888230000","3942950000","","3583690000",
"Europe & Central Asia","ECS","Investment in energy with private participation (current US$)","IE.PPI.ENGY.CD","","","","","","","","","","","","","","","","","","","","","","","","","","","","","","","","","","","","","","","","","","","","","","","","","","","","","","","","","","","","","","","","",
"Ecuador","ECU","Investment in energy with private participation (current US$)","IE.PPI.ENGY.CD","","","","","","","","","","","","","","","","","","","","","","","","","","","","","","","","","","","","","30000000","","","","","","","302000000","","","129000000","","","","","","","185700000","","","111400000","111400000","","","","","","181000000",
"Egypt, Arab Rep.","EGY","Investment in energy with private participation (current US$)","IE.PPI.ENGY.CD","","","","","","","","","","","","","","","","","","","","","","","","","","","","","","","","","","","","","","","220000000","414000000","","678000000","","","","","","469000000","","","314700000","","276000000","","","","106000000","2400030000","","335000000","","","1039000000","869400000",
"Euro area","EMU","Investment in energy with private participation (current US$)","IE.PPI.ENGY.CD","","","","","","","","","","","","","","","","","","","","","","","","","","","","","","","","","","","","","","","","","","","","","","","","","","","","","","","","","","","","","","","","",
"Eritrea","ERI","Investment in energy with private participation (current US$)","IE.PPI.ENGY.CD","","","","","","","","","","","","","","","","","","","","","","","","","","","","","","","","","","","","","","","","","","","","","","","","","","","","","","","","","","","","","","","","",
"Spain","ESP","Investment in energy with private participation (current US$)","IE.PPI.ENGY.CD","","","","","","","","","","","","","","","","","","","","","","","","","","","","","","","","","","","","","","","","","","","","","","","","","","","","","","","","","","","","","","","","",
"Estonia","EST","Investment in energy with private participation (current US$)","IE.PPI.ENGY.CD","","","","","","","","","","","","","","","","","","","","","","","","","","","","","","","","","","","","","","","","","","","","","","","","","","","","","","","","","","","","","","","","",
"Ethiopia","ETH","Investment in energy with private participation (current US$)","IE.PPI.ENGY.CD","","","","","","","","","","","","","","","","","","","","","","","","","","","","","","","","","","","","","","","","","","","","","","","","","","4000000","","","","","120000000","","","","","","","271000000","","",
"European Union","EUU","Investment in energy with private participation (current US$)","IE.PPI.ENGY.CD","","","","","","","","","","","","","","","","","","","","","","","","","","","","","","","","","","","","","","","","","","","","","","","","","","","","","","","","","","","","","","","","",
"Fragile and conflict affected situations","FCS","Investment in energy with private participation (current US$)","IE.PPI.ENGY.CD","","","","","","","","","","","","","","","","","","","","","","","","","","","","","","","","","","","","","","","","","","","","","","","","","","","","","","","","","","","","","","","","",
"Finland","FIN","Investment in energy with private participation (current US$)","IE.PPI.ENGY.CD","","","","","","","","","","","","","","","","","","","","","","","","","","","","","","","","","","","","","","","","","","","","","","","","","","","","","","","","","","","","","","","","",
"Fiji","FJI","Investment in energy with private participation (current US$)","IE.PPI.ENGY.CD","","","","","","","","","","","","","","","","","","","","","","","","","","","","","","","","","","","","","","","","","","","","","","","","","","","","","","","","","","","","","","","","",
"France","FRA","Investment in energy with private participation (current US$)","IE.PPI.ENGY.CD","","","","","","","","","","","","","","","","","","","","","","","","","","","","","","","","","","","","","","","","","","","","","","","","","","","","","","","","","","","","","","","","",
"Faroe Islands","FRO","Investment in energy with private participation (current US$)","IE.PPI.ENGY.CD","","","","","","","","","","","","","","","","","","","","","","","","","","","","","","","","","","","","","","","","","","","","","","","","","","","","","","","","","","","","","","","","",
"Micronesia, Fed. Sts.","FSM","Investment in energy with private participation (current US$)","IE.PPI.ENGY.CD","","","","","","","","","","","","","","","","","","","","","","","","","","","","","","","","","","","","","","","","","","","","","","","","","","","","","","","","","","","","","","","","",
"Gabon","GAB","Investment in energy with private participation (current US$)","IE.PPI.ENGY.CD","","","","","","","","","","","","","","","","","","","","","","","","","","","","","","","","","","","","","","","","","","","","","","","","","","","","234000000","134000000","","","","","","","167000000","","210960000","152380000","30000000",
"United Kingdom","GBR","Investment in energy with private participation (current US$)","IE.PPI.ENGY.CD","","","","","","","","","","","","","","","","","","","","","","","","","","","","","","","","","","","","","","","","","","","","","","","","","","","","","","","","","","","","","","","","",
"Georgia","GEO","Investment in energy with private participation (current US$)","IE.PPI.ENGY.CD","","","","","","","","","","","","","","","","","","","","","","","","","","","","","","","","","","","","","","","119000000","10000000","11000000","","","2000000","27000000","","94500000","457700000","67800000","47700000","15700000","417000000","","","","417000000","","65000000","","14400000","","","","",
"Ghana","GHA","Investment in energy with private participation (current US$)","IE.PPI.ENGY.CD","","","","","","","","","","","","","","","","","","","","","","","","","","","","","","","","","","","","","","","","110000000","","","","","","590000000","","300000000","","140000000","","360000000","440000000","440000000","900000000","","752000000","","","1533000000","","","","",
"Gibraltar","GIB","Investment in energy with private participation (current US$)","IE.PPI.ENGY.CD","","","","","","","","","","","","","","","","","","","","","","","","","","","","","","","","","","","","","","","","","","","","","","","","","","","","","","","","","","","","","","","","",
"Guinea","GIN","Investment in energy with private participation (current US$)","IE.PPI.ENGY.CD","","","","","","","","","","","","","","","","","","","","","","","","","","","","","","","","","","","","36400000","","","","","","","","","","","","","","","","","","","","","","","121000000","","76500000","","","",
"Gambia, The","GMB","Investment in energy with private participation (current US$)","IE.PPI.ENGY.CD","","","","","","","","","","","","","","","","","","","","","","","","","","","","","","","","","","","","","","","","","","","","","","","","","","","","","","","","","","","","","","","","",
"Guinea-Bissau","GNB","Investment in energy with private participation (current US$)","IE.PPI.ENGY.CD","","","","","","","","","","","","","","","","","","","","","","","","","","","","","","","","","","","","","","","","","","","","","","","","","","","","","","","","","","","","","","","","",
"Equatorial Guinea","GNQ","Investment in energy with private participation (current US$)","IE.PPI.ENGY.CD","","","","","","","","","","","","","","","","","","","","","","","","","","","","","","","","","","","","","","","","","","","","","","","","","","","","","","","","","","","","","","","","",
"Greece","GRC","Investment in energy with private participation (current US$)","IE.PPI.ENGY.CD","","","","","","","","","","","","","","","","","","","","","","","","","","","","","","","","","","","","","","","","","","","","","","","","","","","","","","","","","","","","","","","","",
"Grenada","GRD","Investment in energy with private participation (current US$)","IE.PPI.ENGY.CD","","","","","","","","","","","","","","","","","","","","","","","","","","","","","","","","","","","5600000","","","","","","","","","","1500000","7500000","500000","1600000","8600000","13600000","","","","","","","","","","","","","","",
"Greenland","GRL","Investment in energy with private participation (current US$)","IE.PPI.ENGY.CD","","","","","","","","","","","","","","","","","","","","","","","","","","","","","","","","","","","","","","","","","","","","","","","","","","","","","","","","","","","","","","","","",
"Guatemala","GTM","Investment in energy with private participation (current US$)","IE.PPI.ENGY.CD","","","","","","","","","","","","","","","","","","","","","","","","","","","","","","","","","","","100000000","34800000","342000000","168300000","540400000","137700000","50000000","","60000000","","","41600000","43500000","226800000","","","758000000","24000000","450000000","523000000","376700000","127500000","","","","56400000","","","","",
"Guam","GUM","Investment in energy with private participation (current US$)","IE.PPI.ENGY.CD","","","","","","","","","","","","","","","","","","","","","","","","","","","","","","","","","","","","","","","","","","","","","","","","","","","","","","","","","","","","","","","","",
"Guyana","GUY","Investment in energy with private participation (current US$)","IE.PPI.ENGY.CD","","","","","","","","","","","","","","","","","","","","","","","","","","","","","","","","","","","","","","","","50000000","","","","","","","","","","","","","","","","","","","","","","","","",
"High income","HIC","Investment in energy with private participation (current US$)","IE.PPI.ENGY.CD","","","","","","","","","","","","","","","","","","","","","","","","","","","","","","","","","","","","","","","","","","","","","","","","","","","","","","","","","","","","","","","","",
"Hong Kong SAR, China","HKG","Investment in energy with private participation (current US$)","IE.PPI.ENGY.CD","","","","","","","","","","","","","","","","","","","","","","","","","","","","","","","","","","","","","","","","","","","","","","","","","","","","","","","","","","","","","","","","",
"Honduras","HND","Investment in energy with private participation (current US$)","IE.PPI.ENGY.CD","","","","","","","","","","","","","","","","","","","","","","","","","","","","","","","","","","","70000000","25300000","","","86800000","","","","","358800000","","","","","30000000","","250000000","144500000","","316800000","562300000","430000000","349300000","259600000","","","","","","370000000",
"Heavily indebted poor countries (HIPC)","HPC","Investment in energy with private participation (current US$)","IE.PPI.ENGY.CD","","","","","","","","","","","","","","","","","","","","","","","","","","","","","","","","","","","","","","","","","","","","","","","","","","","","","","","","","","","","","","","","",
"Croatia","HRV","Investment in energy with private participation (current US$)","IE.PPI.ENGY.CD","","","","","","","","","","","","","","","","","","","","","","","","","","","","","","","","","","","","","","","","","","","","","","","","","","","","","","","","","","","","","","","","",
"Haiti","HTI","Investment in energy with private participation (current US$)","IE.PPI.ENGY.CD","","","","","","","","","","","","","","","","","","","","","","","","","","","","","","","","","","","","4700000","","","","","","","","5520000","","","","","","57000000","","","","","","","","","","","","","","",
"Hungary","HUN","Investment in energy with private participation (current US$)","IE.PPI.ENGY.CD","","","","","","","","","","","","","","","","","","","","","","","","","","","","","","","","","","","","","","","","","","","","","","","","","","","","","","","","","","","","","","","","",
"IBRD only","IBD","Investment in energy with private participation (current US$)","IE.PPI.ENGY.CD","","","","","","","","","","","","","","","","","","","","","","","","","","","","","","","","","8663050000","14734540000","11597470000","16580350000","23515762100","41345900700","27191930000","17211740000","23322880000","15895870000","12869210000","19907380000","12474670000","14996400000","22313480000","45037850000","53225170000","68584370000","68822667000","70813610000","74373247000","52648300000","46598120000","35436935000","42908041000","43111270000","28559470000","31479050000","20067070000","15615730000","19069350000","57650800000",
"IDA & IBRD total","IBT","Investment in energy with private participation (current US$)","IE.PPI.ENGY.CD","","","","","","","","","","","","","","","","","","","","","","","","","","","","","","","","","","","13555370000","19044250000","27105162100","42749400700","28268830000","18084590000","","17235170000","13429560000","21613110000","12683970000","20055420000","25696370000","49166860000","56704420000","71442300000","76735497000","73760477000","87638267000","55355440000","52677945000","38919825000","46033361000","53457460000","32898800000","37942760000","29499350000","19187770000","24224310000","62402220000",
"IDA total","IDA","Investment in energy with private participation (current US$)","IE.PPI.ENGY.CD","","","","","","","","","","","","","","","","","","","","","","","","","","","","","","","","","","","","","","","","","","","","","","","","","","","","","","","","","","","","","","","","",
"IDA blend","IDB","Investment in energy with private participation (current US$)","IE.PPI.ENGY.CD","","","","","","","","","","","","","","","","","","","","","","","","","","","","","","","","","","","","","","","","","","","","","","1750100000","","2040800000","","","","","","1291370000","","1763340000","","6253350000","","","4818910000","1407000000","","",
"Indonesia","IDN","Investment in energy with private participation (current US$)","IE.PPI.ENGY.CD","","","","","","","","","","","","","","","","","","","","","","","","","","","","","","","","","137000000","","595500000","2470000000","3203600000","2725000000","330000000","125000000","","","187600000","829000000","158000000","32000000","662000000","423200000","2885200000","","2300000000","366000000","1901000000","1936700000","1690500000","191000000","8068800000","8839500000","3420100000","290000000","","150000000","","171000000",
"IDA only","IDX","Investment in energy with private participation (current US$)","IE.PPI.ENGY.CD","","","","","","","","","","","","","","","","","","","","","","","","","","","","","","","","","","","","","","","","","","","","","","","","","","","","","","","","","","","","","","","","",
"Isle of Man","IMN","Investment in energy with private participation (current US$)","IE.PPI.ENGY.CD","","","","","","","","","","","","","","","","","","","","","","","","","","","","","","","","","","","","","","","","","","","","","","","","","","","","","","","","","","","","","","","","",
"India","IND","Investment in energy with private participation (current US$)","IE.PPI.ENGY.CD","","","","","","","","","","","","","","","","","","","","","","","","","","","","","","","","613600000","13400000","1050700000","314800000","1008300000","1553100000","1027500000","1066300000","2527500000","1953780000","240000000","390320000","925070000","4268670000","979440000","5534550000","10236450000","12889380000","24503850000","34474510000","22038050000","9246100000","3104900000","2816630000","2086940000","1686930000","1311630000","1639510000","856350000","3303310000","1621240000","2469730000","4467300000",
"Not classified","INX","Investment in energy with private participation (current US$)","IE.PPI.ENGY.CD","","","","","","","","","","","","","","","","","","","","","","","","","","","","","","","","","","","","","","","","","","","","","","","","","","","","","","","","","","","","","","","","",
"Ireland","IRL","Investment in energy with private participation (current US$)","IE.PPI.ENGY.CD","","","","","","","","","","","","","","","","","","","","","","","","","","","","","","","","","","","","","","","","","","","","","","","","","","","","","","","","","","","","","","","","",
"Iran, Islamic Rep.","IRN","Investment in energy with private participation (current US$)","IE.PPI.ENGY.CD","","","","","","","","","","","","","","","","","","","","","","","","","","","","","","","","","","","","","","","","","","","","","650000000","","","158200000","","","","","","","","","","94500000","","","","","","",
"Iraq","IRQ","Investment in energy with private participation (current US$)","IE.PPI.ENGY.CD","","","","","","","","","","","","","","","","","","","","","","","","","","","","","","","","","","","","","","","","","","","","","","","","240000000","500000000","480000000","250000000","","","250000000","","","500000000","","","","","","","",
"Iceland","ISL","Investment in energy with private participation (current US$)","IE.PPI.ENGY.CD","","","","","","","","","","","","","","","","","","","","","","","","","","","","","","","","","","","","","","","","","","","","","","","","","","","","","","","","","","","","","","","","",
"Israel","ISR","Investment in energy with private participation (current US$)","IE.PPI.ENGY.CD","","","","","","","","","","","","","","","","","","","","","","","","","","","","","","","","","","","","","","","","","","","","","","","","","","","","","","","","","","","","","","","","",
"Italy","ITA","Investment in energy with private participation (current US$)","IE.PPI.ENGY.CD","","","","","","","","","","","","","","","","","","","","","","","","","","","","","","","","","","","","","","","","","","","","","","","","","","","","","","","","","","","","","","","","",
"Jamaica","JAM","Investment in energy with private participation (current US$)","IE.PPI.ENGY.CD","","","","","","","","","","","","","","","","","","","","","","","","","","","","","","","","","","","246000000","43000000","","","","","","201000000","","","","","78000000","","","","132000000","","","","","209800000","","390000000","64000000","","","","24300000","",
"Jordan","JOR","Investment in energy with private participation (current US$)","IE.PPI.ENGY.CD","","","","","","","","","","","","","","","","","","","","","","","","","","","","","","","","","","","43200000","","","","","","","","","","","","","420000000","104000000","465000000","","","350000000","1102000000","191000000","428000000","952100000","2753700000","165000000","74000000","","","","",
"Japan","JPN","Investment in energy with private participation (current US$)","IE.PPI.ENGY.CD","","","","","","","","","","","","","","","","","","","","","","","","","","","","","","","","","","","","","","","","","","","","","","","","","","","","","","","","","","","","","","","","",
"Kazakhstan","KAZ","Investment in energy with private participation (current US$)","IE.PPI.ENGY.CD","","","","","","","","","","","","","","","","","","","","","","","","","","","","","","","","","","","","","1075072100","705189700","","","300000000","","","","","","","","","23000000","14500000","28200000","","","","","","","52400000","553600000","265480000","27900000","","194530000",
"Kenya","KEN","Investment in energy with private participation (current US$)","IE.PPI.ENGY.CD","","","","","","","","","","","","","","","","","","","","","","","","","","","","","","","","","","","","","99000000","","","139000000","","","","","","","132500000","","205000000","127000000","","169700000","360000000","533970000","800940000","","","","300000000","220200000","147160000","","155600000","",
"Kyrgyz Republic","KGZ","Investment in energy with private participation (current US$)","IE.PPI.ENGY.CD","","","","","","","","","","","","","","","","","","","","","","","","","","","","","","","","","","","","","","","","","","","","","","","","","","","","","","","40000000","","","","","","","","","117990000",
"Cambodia","KHM","Investment in energy with private participation (current US$)","IE.PPI.ENGY.CD","","","","","","","","","","","","","","","","","","","","","","","","","","","","","","","","","","","","","","127000000","","16000000","","28000000","4100000","","25000000","25000000","","655030000","47100000","","1863500000","","","","","","","12500000","100210000","","100000000","41200000","","447500000",
"Kiribati","KIR","Investment in energy with private participation (current US$)","IE.PPI.ENGY.CD","","","","","","","","","","","","","","","","","","","","","","","","","","","","","","","","","","","","","","","","","","","","","","","","","","","","","","","","","","","","","","","","",
"St. Kitts and Nevis","KNA","Investment in energy with private participation (current US$)","IE.PPI.ENGY.CD","","","","","","","","","","","","","","","","","","","","","","","","","","","","","","","","","","","","","","","","","","","","","","","","","","","","","","","","","","","","","47850000","","","",
"Korea, Rep.","KOR","Investment in energy with private participation (current US$)","IE.PPI.ENGY.CD","","","","","","","","","","","","","","","","","","","","","","","","","","","","","","","","","","","","","","","","","","","","","","","","","","","","","","","","","","","","","","","","",
"Kuwait","KWT","Investment in energy with private participation (current US$)","IE.PPI.ENGY.CD","","","","","","","","","","","","","","","","","","","","","","","","","","","","","","","","","","","","","","","","","","","","","","","","","","","","","","","","","","","","","","","","",
"Latin America & Caribbean (excluding high income)","LAC","Investment in energy with private participation (current US$)","IE.PPI.ENGY.CD","","","","","","","","","","","","","","","","","","","","","","","","","","","","","","","","","","","","5467680000","8044090000","21713076000","18552630000","8668340000","13972000000","6066740000","7511460000","7187810000","3481000000","4849090000","9244600000","10458300000","11433350000","","16017226000","20922000000","36238430000","18837820000","18452840000","11873970000","21280500000","16739400000","10465260000","21036780000","10927060000","3787640000","","8509740000",
"Lao PDR","LAO","Investment in energy with private participation (current US$)","IE.PPI.ENGY.CD","","","","","","","","","","","","","","","","","","","","","","","","","","","","","","","","","","","","","535500000","","","","","","","","","1250000000","1070000000","","869500000","","3860000000","455600000","5888420000","","2025500000","","","1850000000","","49000000","","","","959000000",
"Lebanon","LBN","Investment in energy with private participation (current US$)","IE.PPI.ENGY.CD","","","","","","","","","","","","","","","","","","","","","","","","","","","","","","","","","","","","","","","","","","","","","","","","","","","","","","","","","180000000","","","","","","","",
"Liberia","LBR","Investment in energy with private participation (current US$)","IE.PPI.ENGY.CD","","","","","","","","","","","","","","","","","","","","","","","","","","","","","","","","","","","","","","","","","","","","","","","","","","340000000","","","","","","","","","","","","","","",
"Libya","LBY","Investment in energy with private participation (current US$)","IE.PPI.ENGY.CD","","","","","","","","","","","","","","","","","","","","","","","","","","","","","","","","","","","","","","","","","","","","","","","","","","","","","","","","","","","","","","","","",
"St. Lucia","LCA","Investment in energy with private participation (current US$)","IE.PPI.ENGY.CD","","","","","","","","","","","","","","","","","","","","","","","","","","","","","","","","","","","","","","","","","15300000","7500000","4700000","6400000","15900000","10000000","9700000","19000000","10500000","11200000","","","","","","","","20000000","","","","","","",
"Latin America & Caribbean","LCN","Investment in energy with private participation (current US$)","IE.PPI.ENGY.CD","","","","","","","","","","","","","","","","","","","","","","","","","","","","","","","","","","","","5527680000","8065690000","21713076000","18625630000","8823340000","14002000000","6066740000","7511460000","7197280000","3541000000","4849090000","9244600000","10458300000","11433350000","","16017226000","20922000000","36238430000","18837820000","18452840000","11873970000","21280500000","16739400000","10465260000","21036780000","10974910000","","","8509740000",
"Least developed countries: UN classification","LDC","Investment in energy with private participation (current US$)","IE.PPI.ENGY.CD","","","","","","","","","","","","","","","","","","","","","","","","","","","","","","","","","","","","","","","","","","","","","","","","","","","","","","","","","","","","","","","","",
"Low income","LIC","Investment in energy with private participation (current US$)","IE.PPI.ENGY.CD","","","","","","","","","","","","","","","","","","","","","","","","","","","","","","","","","","","","","","","","","","","","","","","","","","","","","","","","","","","","","","","","",
"Liechtenstein","LIE","Investment in energy with private participation (current US$)","IE.PPI.ENGY.CD","","","","","","","","","","","","","","","","","","","","","","","","","","","","","","","","","","","","","","","","","","","","","","","","","","","","","","","","","","","","","","","","",
"Sri Lanka","LKA","Investment in energy with private participation (current US$)","IE.PPI.ENGY.CD","","","","","","","","","","","","","","","","","","","","","","","","","","","","","","","","","","","","21700000","63000000","16000000","","77300000","","136500000","40750000","20780000","80800000","64100000","1000000","46000000","45650000","41700000","684400000","116960000","354900000","","13585000","","","","","","","","","8320000",
"Lower middle income","LMC","Investment in energy with private participation (current US$)","IE.PPI.ENGY.CD","","","","","","","","","","","","","","","","","","","","","","","","","","","","","","","","","","","","","6961500000","8983100000","7280700000","4348550000","","3762200000","","2675120000","","5672850000","9529350000","16695740000","18032830000","32422460000","45116140000","28187497000","25836150000","9457660000","13598935000","12993820000","8664710000","20329810000","9926020000","10303620000","14761350000","8136330000","11423490000","11991810000",
"Low & middle income","LMY","Investment in energy with private participation (current US$)","IE.PPI.ENGY.CD","","","","","","","","","","","","","","","","","","","","","","","","","","","","","","","","","","","12362970000","18984250000","26230262100","42259400700","27585830000","17666590000","","15535170000","13415560000","20810040000","12430170000","16469570000","24426270000","32532160000","41487090000","67257980000","70537337000","66587417000","84679610000","54521440000","50691345000","38637825000","45826351000","53296460000","32296780000","37278860000","28964550000","19019750000","24095920000","62109080000",
"Lesotho","LSO","Investment in energy with private participation (current US$)","IE.PPI.ENGY.CD","","","","","","","","","","","","","","","","","","","","","","","","","","","","","","","","","","","","","","","","","","","","","","","","","","","","","","","","","","","","","","","9960000","",
"Late-demographic dividend","LTE","Investment in energy with private participation (current US$)","IE.PPI.ENGY.CD","","","","","","","","","","","","","","","","","","","","","","","","","69300000","","4011500000","","","572700000","","","3266900000","6937400000","6594400000","5400600000","12127172100","31831400700","16607730000","10539240000","10596600000","10661270000","7393810000","12845980000","4780290000","10391760000","8910180000","28503600000","27560390000","32267230000","21180717000","32125790000","44909927000","20722620000","23516785000","16749105000","21478511000","15492140000","11926050000","21728540000","11674250000","9327060000","15096940000","44304190000",
"Lithuania","LTU","Investment in energy with private participation (current US$)","IE.PPI.ENGY.CD","","","","","","","","","","","","","","","","","","","","","","","","","","","","","","","","","","","","","","","","","","","","","","","","","","","","","","","","","","","","","","","","",
"Luxembourg","LUX","Investment in energy with private participation (current US$)","IE.PPI.ENGY.CD","","","","","","","","","","","","","","","","","","","","","","","","","","","","","","","","","","","","","","","","","","","","","","","","","","","","","","","","","","","","","","","","",
"Latvia","LVA","Investment in energy with private participation (current US$)","IE.PPI.ENGY.CD","","","","","","","","","","","","","","","","","","","","","","","","","","","","","","","","","","","","","","","","","","","","","","","","","","","","","","","","","","","","","","","","",
"Macao SAR, China","MAC","Investment in energy with private participation (current US$)","IE.PPI.ENGY.CD","","","","","","","","","","","","","","","","","","","","","","","","","","","","","","","","","","","","","","","","","","","","","","","","","","","","","","","","","","","","","","","","",
"St. Martin (French part)","MAF","Investment in energy with private participation (current US$)","IE.PPI.ENGY.CD","","","","","","","","","","","","","","","","","","","","","","","","","","","","","","","","","","","","","","","","","","","","","","","","","","","","","","","","","","","","","","","","",
"Morocco","MAR","Investment in energy with private participation (current US$)","IE.PPI.ENGY.CD","","","","","","","","","","","","","","","","","","","","","","","","","","","","","","","","","","2300000000","","","","4608000000","1370000000","","","689000000","","360000000","","","","","","","","342750000","1880000000","1438000000","2621580000","1900000000","","220000000","261860000","25800000","1038770000","","167920000","",
"Monaco","MCO","Investment in energy with private participation (current US$)","IE.PPI.ENGY.CD","","","","","","","","","","","","","","","","","","","","","","","","","","","","","","","","","","","","","","","","","","","","","","","","","","","","","","","","","","","","","","","","",
"Moldova","MDA","Investment in energy with private participation (current US$)","IE.PPI.ENGY.CD","","","","","","","","","","","","","","","","","","","","","","","","","","","","","","","","","","","","","","","","60000000","125200000","","","","","","15000000","17000000","13000000","23000000","","","","","","","","","","","","","","",
"Madagascar","MDG","Investment in energy with private participation (current US$)","IE.PPI.ENGY.CD","","","","","","","","","","","","","","","","","","","","","","","","","","","","","","","","","","","","","","","","","","","","","","","","17800000","","","","","","","","","","","","","19000000","","29720000","48000000",
"Maldives","MDV","Investment in energy with private participation (current US$)","IE.PPI.ENGY.CD","","","","","","","","","","","","","","","","","","","","","","","","","","","","","","","","","","","","","","","","","","","","","","","","","","","","","","","","","","","","","","","","",
"Middle East & North Africa","MEA","Investment in energy with private participation (current US$)","IE.PPI.ENGY.CD","","","","","","","","","","","","","","","","","","","","","","","","","","","","","","","","","","","","","","","","","","","","","","","","","","","","","","","","","","","","","","","","",
"Mexico","MEX","Investment in energy with private participation (current US$)","IE.PPI.ENGY.CD","","","","","","","","","","","","","","","","","","","","","","","","","","","","","","","","","","","","1000000","43500000","526300000","1201500000","348500000","2214300000","311000000","2124000000","1285000000","695000000","120000000","801000000","120000000","562000000","","799700000","1207000000","2129500000","2117600000","4502040000","2886900000","3586600000","6613800000","3597650000","2717210000","4211500000","448460000","","14650000",
"Marshall Islands","MHL","Investment in energy with private participation (current US$)","IE.PPI.ENGY.CD","","","","","","","","","","","","","","","","","","","","","","","","","","","","","","","","","","","","","","","","","","","","","","","","","","","","","","","","","","","","","","","","",
"Middle income","MIC","Investment in energy with private participation (current US$)","IE.PPI.ENGY.CD","","","","","","","","","","","","","","","","","","","","","","","","","","","","","","","","","8639050000","","12362970000","18984250000","26230262100","42259400700","27580230000","17666590000","23613780000","15535170000","13415560000","19590360000","12424370000","15782160000","24355680000","31565380000","41131090000","66825980000","70521337000","66385417000","84633610000","54422770000","50311245000","38592425000","45762311000","52402720000","32152280000","36878370000","27549620000","17648090000","23764480000","61814210000",
"North Macedonia","MKD","Investment in energy with private participation (current US$)","IE.PPI.ENGY.CD","","","","","","","","","","","","","","","","","","","","","","","","","","","","","","","","","","","","","","","","","","","","","","","391000000","233000000","","31000000","","","","14200000","","","12030000","","","","","75040000","","",
"Mali","MLI","Investment in energy with private participation (current US$)","IE.PPI.ENGY.CD","","","","","","","","","","","","","","","","","","","","","","","","","","","","","","","","","","","","","","","","","","","","","","","","","","","","","","","","","","136440000","104500000","","128000000","56000000","","",
"Malta","MLT","Investment in energy with private participation (current US$)","IE.PPI.ENGY.CD","","","","","","","","","","","","","","","","","","","","","","","","","","","","","","","","","","","","","","","","","","","","","","","","","","","","","","","","","","","","","","","","",
"Myanmar","MMR","Investment in energy with private participation (current US$)","IE.PPI.ENGY.CD","","","","","","","","","","","","","","","","","","","","","","","","","","","","","","","","","","","","394000000","","325000000","","","","","","","","","556100000","","","","","","","170000000","","","","315000000","293000000","","","","","",
"Middle East & North Africa (excluding high income)","MNA","Investment in energy with private participation (current US$)","IE.PPI.ENGY.CD","","","","","","","","","","","","","","","","","","","","","","","","","","","","","","","","","","","","","","","","","","","","","","","","","","","","","","","","","","","","","","","","",
"Montenegro","MNE","Investment in energy with private participation (current US$)","IE.PPI.ENGY.CD","","","","","","","","","","","","","","","","","","","","","","","","","","","","","","","","","","","","","","","","","","","","","","","","","","268000000","","","","","","154600000","","","99750000","","","","","",
"Mongolia","MNG","Investment in energy with private participation (current US$)","IE.PPI.ENGY.CD","","","","","","","","","","","","","","","","","","","","","","","","","","","","","","","","","","","","","","","","","","","","","","","","","","","","","120000000","","","","128000000","120000000","54000000","18700000","","","","",
"Northern Mariana Islands","MNP","Investment in energy with private participation (current US$)","IE.PPI.ENGY.CD","","","","","","","","","","","","","","","","","","","","","","","","","","","","","","","","","","","","","","","","","","","","","","","","","","","","","","","","","","","","","","","","",
"Mozambique","MOZ","Investment in energy with private participation (current US$)","IE.PPI.ENGY.CD","","","","","","","","","","","","","","","","","","","","","","","","","","","","","","","","","","","","","","","","","","","","1200000000","5800000","","","","","","","","","98670000","200000000","","","357000000","","56000000","320000000","652300000","129600000","30000000",
"Mauritania","MRT","Investment in energy with private participation (current US$)","IE.PPI.ENGY.CD","","","","","","","","","","","","","","","","","","","","","","","","","","","","","","","","","","","","","","","","","","","","","","","","","","","","","","","","","","","","","","","","",
"Mauritius","MUS","Investment in energy with private participation (current US$)","IE.PPI.ENGY.CD","","","","","","","","","","","","","","","","","","","","","","","","","","","","","","","","","","","","","","","109300000","","","","","","","","","","","","","","","","69500000","","","","","","","","","23170000",
"Malawi","MWI","Investment in energy with private participation (current US$)","IE.PPI.ENGY.CD","","","","","","","","","","","","","","","","","","","","","","","","","","","","","","","","","","","","","","","","","","","","","","","","","","","","","","","","","","","","67000000","","","27600000","",
"Malaysia","MYS","Investment in energy with private participation (current US$)","IE.PPI.ENGY.CD","","","","","","","","","","","","","","","","","","","","","","","","","","","","","","","","","1350000000","1330000000","3181700000","1200000000","","215200000","","195000000","","1765300000","12300000","2050000000","1210000000","1600000000","203000000","","","181500000","34000000","24000000","2315900000","1283000000","52000000","2690500000","22000000","365300000","143250000","95030000","","1331500000","47660000","130790000",
"North America","NAC","Investment in energy with private participation (current US$)","IE.PPI.ENGY.CD","","","","","","","","","","","","","","","","","","","","","","","","","","","","","","","","","","","","","","","","","","","","","","","","","","","","","","","","","","","","","","","","",
"Namibia","NAM","Investment in energy with private participation (current US$)","IE.PPI.ENGY.CD","","","","","","","","","","","","","","","","","","","","","","","","","","","","","","","","","","","","","4000000","","","","1000000","","","","","","","","","","","","","","","","","51370000","77000000","","","","","",
"New Caledonia","NCL","Investment in energy with private participation (current US$)","IE.PPI.ENGY.CD","","","","","","","","","","","","","","","","","","","","","","","","","","","","","","","","","","","","","","","","","","","","","","","","","","","","","","","","","","","","","","","","",
"Niger","NER","Investment in energy with private participation (current US$)","IE.PPI.ENGY.CD","","","","","","","","","","","","","","","","","","","","","","","","","","","","","","","","","","","","","","","","","","","","","","","","","","","","","","","","","","","","","","","","",
"Nigeria","NGA","Investment in energy with private participation (current US$)","IE.PPI.ENGY.CD","","","","","","","","","","","","","","","","","","","","","","","","","","","","","","","","","","","","","","","","","","295000000","462000000","34000000","","828000000","","280000000","","","","","","407300000","","880000000","","70000000","","","2600000000","40000000","","116000000",
"Nicaragua","NIC","Investment in energy with private participation (current US$)","IE.PPI.ENGY.CD","","","","","","","","","","","","","","","","","","","","","","","","","","","","","","","","","","","","","38000000","","43000000","151400000","115000000","","11300000","","","","","95000000","","","425000000","143000000","130000000","","76000000","","","","","","","","","12500000",
"Netherlands","NLD","Investment in energy with private participation (current US$)","IE.PPI.ENGY.CD","","","","","","","","","","","","","","","","","","","","","","","","","","","","","","","","","","","","","","","","","","","","","","","","","","","","","","","","","","","","","","","","",
"Norway","NOR","Investment in energy with private participation (current US$)","IE.PPI.ENGY.CD","","","","","","","","","","","","","","","","","","","","","","","","","","","","","","","","","","","","","","","","","","","","","","","","","","","","","","","","","","","","","","","","",
"Nepal","NPL","Investment in energy with private participation (current US$)","IE.PPI.ENGY.CD","","","","","","","","","","","","","","","","","","","","","","","","","","","","","","","","","","","125700000","","98200000","","98000000","","15100000","","","30550000","500000","17500000","","","4600000","","39100000","107300000","970700000","","158900000","","26070000","151100000","21400000","647200000","","","858740000","",
"Nauru","NRU","Investment in energy with private participation (current US$)","IE.PPI.ENGY.CD","","","","","","","","","","","","","","","","","","","","","","","","","","","","","","","","","","","","","","","","","","","","","","","","","","","","","","","","","","","","","","","","",
"New Zealand","NZL","Investment in energy with private participation (current US$)","IE.PPI.ENGY.CD","","","","","","","","","","","","","","","","","","","","","","","","","","","","","","","","","","","","","","","","","","","","","","","","","","","","","","","","","","","","","","","","",
"OECD members","OED","Investment in energy with private participation (current US$)","IE.PPI.ENGY.CD","","","","","","","","","","","","","","","","","","","","","","","","","","","","","","","","","","","","","","","","","","","","","","","","","","","","","","","","","","","","","","","","",
"Oman","OMN","Investment in energy with private participation (current US$)","IE.PPI.ENGY.CD","","","","","","","","","","","","","","","","","","","","","","","","","","","","","","","","","","","","","","","","","","","","","","","","","","","","","","","","","","","","","","","","",
"Other small states","OSS","Investment in energy with private participation (current US$)","IE.PPI.ENGY.CD","","","","","","","","","","","","","","","","","","","","","","","","","","","","","","","","","","","","","","","","","","","","","","","","","","","","","","","","","","","","","","","","",
"Pakistan","PAK","Investment in energy with private participation (current US$)","IE.PPI.ENGY.CD","","","","","","","","","","","","","","","","","","","","","","","","","","","","","","","","","6700000","","1632000000","1778600000","2365700000","154000000","","","","","","","29800000","904600000","297600000","1654700000","1120400000","1592800000","166000000","538300000","1401000000","350100000","","883340000","1688400000","6097650000","1182200000","2976610000","1951750000","250000000","100000000","",
"Panama","PAN","Investment in energy with private participation (current US$)","IE.PPI.ENGY.CD","","","","","","","","","","","","","","","","","","","","","","","","","","","","","","","","","","","","","","","","","","","","","","","","","","","","","","","","","","","","","","","","",
"Peru","PER","Investment in energy with private participation (current US$)","IE.PPI.ENGY.CD","","","","","","","","","","","","","","","","","","","","","","","","","","","","","","","","","","","451190000","756550000","877800000","161000000","905100000","304400000","348100000","304300000","345300000","1017000000","305600000","158600000","126300000","469300000","328200000","436270000","1188100000","876900000","2080900000","2764700000","1641600000","1731350000","323900000","718500000","311200000","54000000","100000000","","868400000","1787600000",
"Philippines","PHL","Investment in energy with private participation (current US$)","IE.PPI.ENGY.CD","","","","","","","","","","","","","","","","","","","","","","","","","","","","","","","44000000","378600000","160000000","1879300000","1242800000","2329200000","1614000000","1672800000","1260000000","182000000","1764000000","672000000","126000000","454300000","322110000","119400000","645800000","2083000000","1820000000","4604680000","1509250000","296460000","1033730000","1204290000","480000000","5141390000","2478400000","1700000000","19120000","52500000","59610000","401710000","245180000","2081560000",
"Palau","PLW","Investment in energy with private participation (current US$)","IE.PPI.ENGY.CD","","","","","","","","","","","","","","","","","","","","","","","","","","","","","","","","","","","","","","","","","","","","","","","","","","","","","","","","","","","","","","","22000000","",
"Papua New Guinea","PNG","Investment in energy with private participation (current US$)","IE.PPI.ENGY.CD","","","","","","","","","","","","","","","","","","","","","","","","","","","","","","","","","","","","","65000000","","","","","","","","","","","","","","","","","","","","","","","","","","","1200000",
"Poland","POL","Investment in energy with private participation (current US$)","IE.PPI.ENGY.CD","","","","","","","","","","","","","","","","","","","","","","","","","","","","","","","","","","","","","","","","","","","","","","","","","","","","","","","","","","","","","","","","",
"Pre-demographic dividend","PRE","Investment in energy with private participation (current US$)","IE.PPI.ENGY.CD","","","","","","","","","","","","","","","","","","","","","","","","","","","","","","","","","","","","","","","","","","","","","","","","","","","","","","","","","","","","","","","","",
"Puerto Rico","PRI","Investment in energy with private participation (current US$)","IE.PPI.ENGY.CD","","","","","","","","","","","","","","","","","","","","","","","","","","","","","","","","","","","","","","","","","","","","","","","","","","","","","","","","","","","","","","","","",
"Korea, Dem. People's Rep.","PRK","Investment in energy with private participation (current US$)","IE.PPI.ENGY.CD","","","","","","","","","","","","","","","","","","","","","","","","","","","","","","","","","","","","","","","","","","","","","","","","","","","","","","","","","","","","","","","","",
"Portugal","PRT","Investment in energy with private participation (current US$)","IE.PPI.ENGY.CD","","","","","","","","","","","","","","","","","","","","","","","","","","","","","","","","","","","","","","","","","","","","","","","","","","","","","","","","","","","","","","","","",
"Paraguay","PRY","Investment in energy with private participation (current US$)","IE.PPI.ENGY.CD","","","","","","","","","","","","","","","","","","","","","","","","","","","","","","","","","","","","","","","","","","","","","","","","","","","","","","","","","","","","","","","","",
"West Bank and Gaza","PSE","Investment in energy with private participation (current US$)","IE.PPI.ENGY.CD","","","","","","","","","","","","","","","","","","","","","","","","","","","","","","","","","","","","","","","","","150000000","","","","","","","","","","","","","","","","","","","","","","","",
"Pacific island small states","PSS","Investment in energy with private participation (current US$)","IE.PPI.ENGY.CD","","","","","","","","","","","","","","","","","","","","","","","","","","","","","","","","","","","","","","","","","","","","","","","","","","","","","","","","","","","","","","","","",
"Post-demographic dividend","PST","Investment in energy with private participation (current US$)","IE.PPI.ENGY.CD","","","","","","","","","","","","","","","","","","","","","","","","","","","","","","","","","","","","","","","","","","","","","","","","","","","","","","","","","","","","","","","","",
"French Polynesia","PYF","Investment in energy with private participation (current US$)","IE.PPI.ENGY.CD","","","","","","","","","","","","","","","","","","","","","","","","","","","","","","","","","","","","","","","","","","","","","","","","","","","","","","","","","","","","","","","","",
"Qatar","QAT","Investment in energy with private participation (current US$)","IE.PPI.ENGY.CD","","","","","","","","","","","","","","","","","","","","","","","","","","","","","","","","","","","","","","","","","","","","","","","","","","","","","","","","","","","","","","","","",
"Romania","ROU","Investment in energy with private participation (current US$)","IE.PPI.ENGY.CD","","","","","","","","","","","","","","","","","","","","","","","","","","","","","","","","","","","","","","","100000000","","","","","","","1240750000","45000000","2600000000","1447500000","2196200000","","1238240000","1943300000","189000000","1263500000","","","","114600000","","","","","",
"Russian Federation","RUS","Investment in energy with private participation (current US$)","IE.PPI.ENGY.CD","","","","","","","","","","","","","","","","","","","","","","","","","","","","","","","","","","","1100000000","","853300000","490000000","660000000","278000000","","1700000000","14000000","","9000000","3000000","459000000","13624200000","13161970000","1484320000","5981920000","5255570000","464677000","480000000","723100000","282000000","207010000","161000000","487420000","652310000","486950000","101020000","","",
"Rwanda","RWA","Investment in energy with private participation (current US$)","IE.PPI.ENGY.CD","","","","","","","","","","","","","","","","","","","","","","","","","","","","","","","","","","","","","","","","","","","","","","1580000","","76000000","","","16000000","142000000","12000000","","60100000","","","362000000","","","","","","40000000",
"South Asia","SAS","Investment in energy with private participation (current US$)","IE.PPI.ENGY.CD","","","","","","","","","","","","","","","","","","","","","","","","","","","","","","","","613600000","20100000","1050700000","2072500000","2808600000","4080000000","1511200000","1389300000","2620950000","1987380000","859500000","431070000","977980000","4379770000","1965640000","5873650000","11962550000","14438930000","26427880000","35501140000","23125117000","13500500000","3495300000","3505615000","3270280000","3571400000","8017380000","3112110000","4706360000","7342060000","1871240000","4041470000","4723170000",
"Saudi Arabia","SAU","Investment in energy with private participation (current US$)","IE.PPI.ENGY.CD","","","","","","","","","","","","","","","","","","","","","","","","","","","","","","","","","","","","","","","","","","","","","","","","","","","","","","","","","","","","","","","","",
"Sudan","SDN","Investment in energy with private participation (current US$)","IE.PPI.ENGY.CD","","","","","","","","","","","","","","","","","","","","","","","","","","","","","","","","","","","","","","","","","","","","","","","","","","","","","","","","","","","","","","","","",
"Senegal","SEN","Investment in energy with private participation (current US$)","IE.PPI.ENGY.CD","","","","","","","","","","","","","","","","","","","","","","","","","","","","","","","","","","","","","","59000000","","65000000","","","","","","52910000","","","","","22000000","","","","337000000","114150000","75510000","113900000","493600000","53900000","","","","297450000",
"Singapore","SGP","Investment in energy with private participation (current US$)","IE.PPI.ENGY.CD","","","","","","","","","","","","","","","","","","","","","","","","","","","","","","","","","","","","","","","","","","","","","","","","","","","","","","","","","","","","","","","","",
"Solomon Islands","SLB","Investment in energy with private participation (current US$)","IE.PPI.ENGY.CD","","","","","","","","","","","","","","","","","","","","","","","","","","","","","","","","","","","","","","","","","","","","","","","","","","","","","","","","","","","","233370000","","","","",
"Sierra Leone","SLE","Investment in energy with private participation (current US$)","IE.PPI.ENGY.CD","","","","","","","","","","","","","","","","","","","","","","","","","","","","","","","","","","","","","","","","","","","","","","","","1180000","","","","30000000","","","","","","","40000000","","","","","1200000",
"El Salvador","SLV","Investment in energy with private participation (current US$)","IE.PPI.ENGY.CD","","","","","","","","","","","","","","","","","","","","","","","","","","","","","","","","","","","","106000000","","","594000000","200200000","75000000","10000000","","","","","","","127400000","","16000000","","","","","156740000","","160000000","143000000","877000000","7800000","","25300000","",
"San Marino","SMR","Investment in energy with private participation (current US$)","IE.PPI.ENGY.CD","","","","","","","","","","","","","","","","","","","","","","","","","","","","","","","","","","","","","","","","","","","","","","","","","","","","","","","","","","","","","","","","",
"Somalia","SOM","Investment in energy with private participation (current US$)","IE.PPI.ENGY.CD","","","","","","","","","","","","","","","","","","","","","","","","","","","","","","","","","","","","","","","","","","","","","","","","","","","","","","","","","","","","","","","","5670000",
"Serbia","SRB","Investment in energy with private participation (current US$)","IE.PPI.ENGY.CD","","","","","","","","","","","","","","","","","","","","","","","","","","","","","","","","","","","","","","","","","","","","","","","","","","","","","11400000","","562600000","","","818000000","","","","","18460000","168850000",
"Sub-Saharan Africa (excluding high income)","SSA","Investment in energy with private participation (current US$)","IE.PPI.ENGY.CD","","","","","","","","","","","","","","","","","","","","","","","","","","","","","","","","","","","","","","","","","","","","","","","","","","","","","","","","","","","","","","","","",
"South Sudan","SSD","Investment in energy with private participation (current US$)","IE.PPI.ENGY.CD","","","","","","","","","","","","","","","","","","","","","","","","","","","","","","","","","","","","","","","","","","","","","","","","","","","","","","","","","","","","","","","","",
"Sub-Saharan Africa","SSF","Investment in energy with private participation (current US$)","IE.PPI.ENGY.CD","","","","","","","","","","","","","","","","","","","","","","","","","","","","","","","","","","","","","","","","","","","","","","","","","","","","","","","","","","","","","","","","",
"Small states","SST","Investment in energy with private participation (current US$)","IE.PPI.ENGY.CD","","","","","","","","","","","","","","","","","","","","","","","","","","","","","","","","","","","","","","","","","","","","","","","","","","","","","","","","","","","","","","","","",
"Sao Tome and Principe","STP","Investment in energy with private participation (current US$)","IE.PPI.ENGY.CD","","","","","","","","","","","","","","","","","","","","","","","","","","","","","","","","","","","","","","","","","","","","","50000000","","","","","","","","","","","","","","","","","","","30000000",
"Suriname","SUR","Investment in energy with private participation (current US$)","IE.PPI.ENGY.CD","","","","","","","","","","","","","","","","","","","","","","","","","","","","","","","","","","","","","","","","","","","","","","","","","","","","","","","","","","","","","","","","",
"Slovak Republic","SVK","Investment in energy with private participation (current US$)","IE.PPI.ENGY.CD","","","","","","","","","","","","","","","","","","","","","","","","","","","","","","","","","","","","","","","","","","","","","","","","","","","","","","","","","","","","","","","","",
"Slovenia","SVN","Investment in energy with private participation (current US$)","IE.PPI.ENGY.CD","","","","","","","","","","","","","","","","","","","","","","","","","","","","","","","","","","","","","","","","","","","","","","","","","","","","","","","","","","","","","","","","",
"Sweden","SWE","Investment in energy with private participation (current US$)","IE.PPI.ENGY.CD","","","","","","","","","","","","","","","","","","","","","","","","","","","","","","","","","","","","","","","","","","","","","","","","","","","","","","","","","","","","","","","","",
"Eswatini","SWZ","Investment in energy with private participation (current US$)","IE.PPI.ENGY.CD","","","","","","","","","","","","","","","","","","","","","","","","","","","","","","","","","","","","","","","","","","","","","","","","","","","","","","","","","","","","","","115000000","","",
"Sint Maarten (Dutch part)","SXM","Investment in energy with private participation (current US$)","IE.PPI.ENGY.CD","","","","","","","","","","","","","","","","","","","","","","","","","","","","","","","","","","","","","","","","","","","","","","","","","","","","","","","","","","","","","","","","",
"Seychelles","SYC","Investment in energy with private participation (current US$)","IE.PPI.ENGY.CD","","","","","","","","","","","","","","","","","","","","","","","","","","","","","","","","","","","","","","","","","","","","","","","","","","","","","","","","","","","","","","","","",
"Syrian Arab Republic","SYR","Investment in energy with private participation (current US$)","IE.PPI.ENGY.CD","","","","","","","","","","","","","","","","","","","","","","","","","","","","","","","","","","","","","","","","","","","","","","","","","","","","","","","","","","","","","","","","",
"Turks and Caicos Islands","TCA","Investment in energy with private participation (current US$)","IE.PPI.ENGY.CD","","","","","","","","","","","","","","","","","","","","","","","","","","","","","","","","","","","","","","","","","","","","","","","","","","","","","","","","","","","","","","","","",
"Chad","TCD","Investment in energy with private participation (current US$)","IE.PPI.ENGY.CD","","","","","","","","","","","","","","","","","","","","","","","","","","","","","","","","","","","","","","","","","","","","","","","","","","","","","","","","","","","","","150000000","71350000","","100000000",
"East Asia & Pacific (IDA & IBRD countries)","TEA","Investment in energy with private participation (current US$)","IE.PPI.ENGY.CD","","","","","","","","","","","","","","","","","","","","","","","","","62000000","","4000000000","","","542600000","","","3528000000","5577600000","6583200000","8765370000","10870900000","13261935000","5190000000","5095300000","3476300000","4439230000","3461330000","9760150000","3105600000","6406720000","4531780000","5742630000","8811870000","8133080000","11676631000","8235670000","16909370000","10001990000","11224420000","12860915000","14717371000","20020140000","9646910000","5582130000","3554900000","6101820000","4159910000","42324290000",
"Europe & Central Asia (IDA & IBRD countries)","TEC","Investment in energy with private participation (current US$)","IE.PPI.ENGY.CD","","","","","","","","","","","","","","","","","","","","","","","","","","","","","","","","","","","","","","","","","","","","","","","3095550000","18169400000","20747270000","9881310000","12504300000","19686640000","10165057000","","","","","","2380900000","3980090000","1375180000","4043970000","","",
"Togo","TGO","Investment in energy with private participation (current US$)","IE.PPI.ENGY.CD","","","","","","","","","","","","","","","","","","","","","","","","","","","","","","","","","","","","","","","","","67700000","","","","","590000000","","","196000000","","","","","","","","","","","","182230000","","76120000","",
"Thailand","THA","Investment in energy with private participation (current US$)","IE.PPI.ENGY.CD","","","","","","","","","","","","","","","","","","","","","","","","","","","","","","","","","","171300000","503500000","1384800000","2388700000","2140600000","574000000","190000000","858500000","889800000","","1336000000","","1609000000","197300000","","2341000000","","745361000","1644300000","2150000000","1716400000","3538920000","1651375000","433280000","1467570000","1706020000","1653340000","254800000","","794510000","",
"Tajikistan","TJK","Investment in energy with private participation (current US$)","IE.PPI.ENGY.CD","","","","","","","","","","","","","","","","","","","","","","","","","","","","","","","","","","","","","","","","","","","16000000","","","","720000000","","220000000","","","","","","","","","","","","","","","",
"Turkmenistan","TKM","Investment in energy with private participation (current US$)","IE.PPI.ENGY.CD","","","","","","","","","","","","","","","","","","","","","","","","","","","","","","","","","","","","","","","","","","","","","","","","","","","","","","","","","","","","","","","","",
"Latin America & the Caribbean (IDA & IBRD countries)","TLA","Investment in energy with private participation (current US$)","IE.PPI.ENGY.CD","","","","","","","","","","","","","","","","","","","","","","","","","","","","","","","","","","","","5527680000","8065690000","21713076000","18475630000","8808340000","14002000000","6066740000","7511460000","7197280000","3425000000","4849090000","9184600000","10458300000","11433350000","","16017226000","20922000000","36238430000","18837820000","18452840000","11873970000","21280500000","16739400000","10465260000","21036780000","10974910000","","","8509740000",
"Timor-Leste","TLS","Investment in energy with private participation (current US$)","IE.PPI.ENGY.CD","","","","","","","","","","","","","","","","","","","","","","","","","","","","","","","","","","","","","","","","","","","","","","","","","","","","","","","","","","","","","","","","",
"Middle East & North Africa (IDA & IBRD countries)","TMN","Investment in energy with private participation (current US$)","IE.PPI.ENGY.CD","","","","","","","","","","","","","","","","","","","","","","","","","","","","","","","","","","","","","","","","","","","","","","","","","","","","","","","","","","","","","","","","",
"Tonga","TON","Investment in energy with private participation (current US$)","IE.PPI.ENGY.CD","","","","","","","","","","","","","","","","","","","","","","","","","","","","","","","","","","","","","","","","","7000000","","","","","","","","","","","6400000","","","","","","","","","","","","",
"South Asia (IDA & IBRD)","TSA","Investment in energy with private participation (current US$)","IE.PPI.ENGY.CD","","","","","","","","","","","","","","","","","","","","","","","","","","","","","","","","613600000","20100000","1050700000","2072500000","2808600000","4080000000","1511200000","1389300000","2620950000","1987380000","859500000","431070000","977980000","4379770000","1965640000","5873650000","11962550000","14438930000","26427880000","35501140000","23125117000","13500500000","3495300000","3505615000","3270280000","3571400000","8017380000","3112110000","4706360000","7342060000","1871240000","4041470000","4723170000",
"Sub-Saharan Africa (IDA & IBRD countries)","TSS","Investment in energy with private participation (current US$)","IE.PPI.ENGY.CD","","","","","","","","","","","","","","","","","","","","","","","","","","","","","","","","","","","","","","","","","","","","","","","","","","","","","","","","","","","","","","","","",
"Trinidad and Tobago","TTO","Investment in energy with private participation (current US$)","IE.PPI.ENGY.CD","","","","","","","","","","","","","","","","","","","","","","","","","","","","","","","","","","","","","","","","","","","","","","","","","","","","","","","","","","","","","","","","",
"Tunisia","TUN","Investment in energy with private participation (current US$)","IE.PPI.ENGY.CD","","","","","","","","","","","","","","","","","","","","","","","","","","","","","","","","","","627000000","","","","","30000000","261000000","","","30000000","","","","","","","","","","","","","","","","","10000000","40000000","","190980000","",
"Turkiye","TUR","Investment in energy with private participation (current US$)","IE.PPI.ENGY.CD","","","","","","","","","","","","","","","","","","","","","","","","","","","","","","","68000000","","","","","1760000000","1232200000","","","","3575000000","1700000000","1260000000","","169000000","60800000","321050000","81600000","4434000000","3816500000","5427030000","8551020000","3360000000","13591100000","11072450000","1578070000","2836000000","797100000","957510000","782950000","408970000","1134000000","502000000","433820000",
"Tuvalu","TUV","Investment in energy with private participation (current US$)","IE.PPI.ENGY.CD","","","","","","","","","","","","","","","","","","","","","","","","","","","","","","","","","","","","","","","","","","","","","","","","","","","","","","","","","","","","","","","","",
"Tanzania","TZA","Investment in energy with private participation (current US$)","IE.PPI.ENGY.CD","","","","","","","","","","","","","","","","","","","","","","","","","","","","","","","","","","","6000000","","","127000000","","","","316000000","","","","32000000","28400000","","","","","134100000","","","","","","","","8500000","1200000","","","30000000",
"Uganda","UGA","Investment in energy with private participation (current US$)","IE.PPI.ENGY.CD","","","","","","","","","","","","","","","","","","","","","","","","","","","","","","","","","","","","","","","","","","","","18100000","","95830000","54800000","871800000","160000000","88000000","","30000000","34000000","","","45400000","64040000","19300000","","87000000","","","22000000","19000000",
"Ukraine","UKR","Investment in energy with private participation (current US$)","IE.PPI.ENGY.CD","","","","","","","","","","","","","","","","","","","","","","","","","","","","","","","","","","","","","","","","","","160000000","20000000","","","","3900000","83400000","100140000","120690000","88910000","997800000","1182500000","","","","","24500000","669220000","1348860000","15000000","1451000000","","",
"Upper middle income","UMC","Investment in energy with private participation (current US$)","IE.PPI.ENGY.CD","","","","","","","","","","","","","","","","","","","","","","","","","","","","","","","","","8458950000","8805240000","8846870000","12990450000","19268762100","33276300700","20299530000","13318040000","19433100000","11772970000","10059590000","16915240000","7621590000","10109310000","14826330000","14869640000","23098260000","34403520000","25405197000","38197920000","58797460000","44965110000","36712310000","25598605000","37097601000","32072910000","22226260000","26574750000","12788270000","9511760000","12340990000","49822400000",
"Uruguay","URY","Investment in energy with private participation (current US$)","IE.PPI.ENGY.CD","","","","","","","","","","","","","","","","","","","","","","","","","","","","","","","","","","","","","","","","","","","","","","","","","","","","","","","","","","","","","","67000000","","",
"United States","USA","Investment in energy with private participation (current US$)","IE.PPI.ENGY.CD","","","","","","","","","","","","","","","","","","","","","","","","","","","","","","","","","","","","","","","","","","","","","","","","","","","","","","","","","","","","","","","","",
"Uzbekistan","UZB","Investment in energy with private participation (current US$)","IE.PPI.ENGY.CD","","","","","","","","","","","","","","","","","","","","","","","","","","","","","","","","","","","","","","","","","","","","","","","","","","","","","","","","","","","","12000000","120000000","1002000000","3027400000","1611940000",
"St. Vincent and the Grenadines","VCT","Investment in energy with private participation (current US$)","IE.PPI.ENGY.CD","","","","","","","","","","","","","","","","","","","","","","","","","","","","","","","","","","","","","","","","","","","","","","","","","","","","","","","","","","","","82000000","","","","",
"Venezuela, RB","VEN","Investment in energy with private participation (current US$)","IE.PPI.ENGY.CD","","","","","","","","","","","","","","","","","","","","","","","","","","","","","","","","","62600000","72300000","92400000","60000000","21600000","","73000000","105000000","30000000","","","9470000","60000000","","","","","","","","","","","","","","","","","","","",
"British Virgin Islands","VGB","Investment in energy with private participation (current US$)","IE.PPI.ENGY.CD","","","","","","","","","","","","","","","","","","","","","","","","","","","","","","","","","","","","","","","","","","","","","","","","","","","","","","","","","","","","","","","","",
"Virgin Islands (U.S.)","VIR","Investment in energy with private participation (current US$)","IE.PPI.ENGY.CD","","","","","","","","","","","","","","","","","","","","","","","","","","","","","","","","","","","","","","","","","","","","","","","","","","","","","","","","","","","","","","","","",
"Viet Nam","VNM","Investment in energy with private participation (current US$)","IE.PPI.ENGY.CD","","","","","","","","","","","","","","","","","","","","","","","","","","","","","","","","","","","","","205000000","110000000","","39500000","","87000000","1780000000","412000000","","93200000","","367360000","170300000","349300000","943050000","2771770000","317500000","","1790000000","","200000000","2400000000","3645700000","3180480000","2302310000","3913000000","2487160000","117000000",
"Vanuatu","VUT","Investment in energy with private participation (current US$)","IE.PPI.ENGY.CD","","","","","","","","","","","","","","","","","","","","","","","","","","","","","","","","","","","11600000","","","","","","","","","","","","","","","5600000","","","","","","","","","","","","","","",
"World","WLD","Investment in energy with private participation (current US$)","IE.PPI.ENGY.CD","","","","","","","","","","","","","","","","","","","","","","","","","","","","","","","","","","","","","","","","","","","","","","","","","","","","","","","","","","","","","","","","",
"Samoa","WSM","Investment in energy with private participation (current US$)","IE.PPI.ENGY.CD","","","","","","","","","","","","","","","","","","","","","","","","","","","","","","","","","","","","","","","","","","","","","","","","","","","","","","","","","","","","","","","","",
"Kosovo","XKX","Investment in energy with private participation (current US$)","IE.PPI.ENGY.CD","","","","","","","","","","","","","","","","","","","","","","","","","","","","","","","","","","","","","","","","","","","","","","","","","","","","","486200000","","","","","","","211730000","","","","",
"Yemen, Rep.","YEM","Investment in energy with private participation (current US$)","IE.PPI.ENGY.CD","","","","","","","","","","","","","","","","","","","","","","","","","","","","","","","","","","","","","","","","","","","","","","","15790000","","","","","","","","","","","","","","","","","",
"South Africa","ZAF","Investment in energy with private participation (current US$)","IE.PPI.ENGY.CD","","","","","","","","","","","","","","","","","","","","","","","","","","","","","","","","","","","","3000000","","","","","15900000","28400000","","1200000000","","7000000","9900000","","","","6000000","","5648610000","3941690000","87000000","4035440000","779400000","","4316240000","","","826300000","1513030000","1010200000",
"Zambia","ZMB","Investment in energy with private participation (current US$)","IE.PPI.ENGY.CD","","","","","","","","","","","","","","","","","","","","","","","","","","","","","","","","","","","","","","274000000","","","","3000000","","","","","","","","","","239000000","1610000000","","","830000000","","59000000","45000000","","","336000000","","7500000",
"Zimbabwe","ZWE","Investment in energy with private participation (current US$)","IE.PPI.ENGY.CD","","","","","","","","","","","","","","","","","","","","","","","","","","","","","","","","","","","","","","","600000000","","","","","","","","","","","","","","","","","","","65700000","","","","","43000000","",
